{
  "GET Product List" : {
    "transaction" : "GET Product List",
    "sampleCount" : 200,
    "errorCount" : 200,
    "errorPct" : 100.0,
    "meanResTime" : 5888.124999999999,
    "medianResTime" : 501.5,
    "minResTime" : 167.0,
    "maxResTime" : 80261.0,
    "pct1ResTime" : 28877.40000000005,
    "pct2ResTime" : 46483.85,
    "pct3ResTime" : 71474.2300000001,
    "throughput" : 0.32187356162752145,
    "receivedKBytesPerSec" : 0.10086838469362465,
    "sentKBytesPerSec" : 0.05815098525497214
  },
  "GET Fetch Order" : {
    "transaction" : "GET Fetch Order",
    "sampleCount" : 200,
    "errorCount" : 200,
    "errorPct" : 100.0,
    "meanResTime" : 2556.3149999999987,
    "medianResTime" : 194.0,
    "minResTime" : 29.0,
    "maxResTime" : 59043.0,
    "pct1ResTime" : 328.30000000000007,
    "pct2ResTime" : 24995.54999999993,
    "pct3ResTime" : 58885.160000000105,
    "throughput" : 0.35796682005544905,
    "receivedKBytesPerSec" : 0.11055371761966383,
    "sentKBytesPerSec" : 0.0636230090332927
  },
  "POST Create Order" : {
    "transaction" : "POST Create Order",
    "sampleCount" : 200,
    "errorCount" : 200,
    "errorPct" : 100.0,
    "meanResTime" : 4006.9400000000005,
    "medianResTime" : 215.5,
    "minResTime" : 33.0,
    "maxResTime" : 60748.0,
    "pct1ResTime" : 6271.100000000027,
    "pct2ResTime" : 36725.74999999997,
    "pct3ResTime" : 60744.8,
    "throughput" : 0.35712372551470456,
    "receivedKBytesPerSec" : 0.11050259026302163,
    "sentKBytesPerSec" : 0.08858342410228023
  },
  "GET Fetch Product by ID" : {
    "transaction" : "GET Fetch Product by ID",
    "sampleCount" : 200,
    "errorCount" : 189,
    "errorPct" : 94.5,
    "meanResTime" : 18187.950000000004,
    "medianResTime" : 210.0,
    "minResTime" : 29.0,
    "maxResTime" : 265274.0,
    "pct1ResTime" : 63523.40000000001,
    "pct2ResTime" : 120213.05,
    "pct3ResTime" : 125679.85000000005,
    "throughput" : 0.3225884497205577,
    "receivedKBytesPerSec" : 400.8969108753639,
    "sentKBytesPerSec" : 0.059556002362960395
  },
  "GET Fetch Order by ID" : {
    "transaction" : "GET Fetch Order by ID",
    "sampleCount" : 200,
    "errorCount" : 200,
    "errorPct" : 100.0,
    "meanResTime" : 1386.075,
    "medianResTime" : 190.5,
    "minResTime" : 33.0,
    "maxResTime" : 60223.0,
    "pct1ResTime" : 312.5,
    "pct2ResTime" : 3701.399999999993,
    "pct3ResTime" : 59868.630000000296,
    "throughput" : 0.35809051812117065,
    "receivedKBytesPerSec" : 0.11038210160639406,
    "sentKBytesPerSec" : 0.06679227437611679
  },
  "PUT Edit Order by ID" : {
    "transaction" : "PUT Edit Order by ID",
    "sampleCount" : 200,
    "errorCount" : 200,
    "errorPct" : 100.0,
    "meanResTime" : 1864.6450000000013,
    "medianResTime" : 201.5,
    "minResTime" : 32.0,
    "maxResTime" : 60216.0,
    "pct1ResTime" : 505.400000000001,
    "pct2ResTime" : 15929.549999999983,
    "pct3ResTime" : 38725.720000000074,
    "throughput" : 0.35810590624071165,
    "receivedKBytesPerSec" : 0.11054421578387592,
    "sentKBytesPerSec" : 0.07064198541076537
  },
  "GET Fetch Product" : {
    "transaction" : "GET Fetch Product",
    "sampleCount" : 200,
    "errorCount" : 158,
    "errorPct" : 79.0,
    "meanResTime" : 3399.155000000002,
    "medianResTime" : 202.0,
    "minResTime" : 31.0,
    "maxResTime" : 105746.0,
    "pct1ResTime" : 13869.500000000005,
    "pct2ResTime" : 20595.349999999977,
    "pct3ResTime" : 53352.21000000004,
    "throughput" : 0.32229993231701426,
    "receivedKBytesPerSec" : 0.09565761272440133,
    "sentKBytesPerSec" : 0.07616853869210688
  },
  "DELETE Delete Product" : {
    "transaction" : "DELETE Delete Product",
    "sampleCount" : 200,
    "errorCount" : 200,
    "errorPct" : 100.0,
    "meanResTime" : 748.0799999999996,
    "medianResTime" : 191.0,
    "minResTime" : 27.0,
    "maxResTime" : 17832.0,
    "pct1ResTime" : 926.7000000000007,
    "pct2ResTime" : 2243.749999999994,
    "pct3ResTime" : 15779.420000000006,
    "throughput" : 0.3223518793114564,
    "receivedKBytesPerSec" : 0.09853925490377796,
    "sentKBytesPerSec" : 0.07082927035652117
  },
  "Total" : {
    "transaction" : "Total",
    "sampleCount" : 2400,
    "errorCount" : 2347,
    "errorPct" : 97.791664,
    "meanResTime" : 3612.697500000001,
    "medianResTime" : 202.0,
    "minResTime" : 0.0,
    "maxResTime" : 265274.0,
    "pct1ResTime" : 1250.6000000000022,
    "pct2ResTime" : 25484.799999999967,
    "pct3ResTime" : 62236.56999999993,
    "throughput" : 3.8528221922558274,
    "receivedKBytesPerSec" : 401.5487950148093,
    "sentKBytesPerSec" : 0.670058078284531
  },
  "POST Login Account" : {
    "transaction" : "POST Login Account",
    "sampleCount" : 200,
    "errorCount" : 200,
    "errorPct" : 100.0,
    "meanResTime" : 2191.0299999999997,
    "medianResTime" : 483.5,
    "minResTime" : 173.0,
    "maxResTime" : 50943.0,
    "pct1ResTime" : 2851.3000000000006,
    "pct2ResTime" : 13246.399999999994,
    "pct3ResTime" : 37948.490000000005,
    "throughput" : 0.32196994088631886,
    "receivedKBytesPerSec" : 0.09838319775715738,
    "sentKBytesPerSec" : 0.08520884177753164
  },
  "POST Fetch Product" : {
    "transaction" : "POST Fetch Product",
    "sampleCount" : 200,
    "errorCount" : 200,
    "errorPct" : 100.0,
    "meanResTime" : 1.2950000000000004,
    "medianResTime" : 1.0,
    "minResTime" : 0.0,
    "maxResTime" : 6.0,
    "pct1ResTime" : 2.0,
    "pct2ResTime" : 2.0,
    "pct3ResTime" : 4.990000000000009,
    "throughput" : 0.32208868067645063,
    "receivedKBytesPerSec" : 0.8284976415056358,
    "sentKBytesPerSec" : 0.0
  },
  "POST Register Account" : {
    "transaction" : "POST Register Account",
    "sampleCount" : 200,
    "errorCount" : 200,
    "errorPct" : 100.0,
    "meanResTime" : 42.37500000000003,
    "medianResTime" : 1.0,
    "minResTime" : 0.0,
    "maxResTime" : 994.0,
    "pct1ResTime" : 153.8,
    "pct2ResTime" : 350.09999999999957,
    "pct3ResTime" : 558.97,
    "throughput" : 0.32181607246010685,
    "receivedKBytesPerSec" : 0.8277964207616422,
    "sentKBytesPerSec" : 0.0
  },
  "GET Product" : {
    "transaction" : "GET Product",
    "sampleCount" : 200,
    "errorCount" : 200,
    "errorPct" : 100.0,
    "meanResTime" : 3080.3849999999998,
    "medianResTime" : 213.0,
    "minResTime" : 32.0,
    "maxResTime" : 60246.0,
    "pct1ResTime" : 14440.2,
    "pct2ResTime" : 18939.999999999978,
    "pct3ResTime" : 60210.73,
    "throughput" : 0.3220108936285314,
    "receivedKBytesPerSec" : 0.10058123469441972,
    "sentKBytesPerSec" : 0.0616348976085861
  }
}